CompleteSummary[Complete[Source[N0],Sink[N99],Reach[E0,E12]]]	0	99	-	complete
CompleteSummary[Complete[Source[N0],Sink[N99],Reach[Reach[Reach[Reach[Reach[Reach[Reach[Reach[Reach[E2,E375],E217],E209],E47],E33],E29],E21],E9],E12]]]	0	99	-	complete
SanitizedSummary[Sanitized[Complete[Source[N0],Sink[N99],Reach[Reach[Reach[Reach[Reach[Reach[Reach[Reach[Reach[E2,E375],E217],E209],E47],E33],E29],E21],E9],E12]],Sanitizer[N5],Reach[Reach[Reach[Reach[Reach[Reach[Reach[E2,E375],E217],E209],E47],E33],E29]],Reach[Reach[Reach[E21,E9],E12]]]]	0	99	5	sanitized
UnsanitizedSummary[Unsanitized[SensitiveOnPath[Complete[Source[N0],Sink[N99],Reach[Reach[Reach[Reach[Reach[Reach[Reach[Reach[Reach[E2,E375],E217],E209],E47],E33],E29],E21],E9],E12]],SensFromType[S15],Reach[Reach[Reach[Reach[E2,E375],E217],E209]],Reach[Reach[Reach[Reach[Reach[Reach[E47,E33],E29],E21],E9],E12]]]]]	0	99	-	unsanitized
UnsanitizedSummary[Unsanitized[SensitiveOnPath[Complete[Source[N0],Sink[N99],Reach[Reach[Reach[Reach[Reach[Reach[Reach[Reach[Reach[E2,E375],E217],E209],E47],E33],E29],E21],E9],E12]],SensFromType[S1],Reach[Reach[Reach[Reach[Reach[Reach[E2,E375],E217],E209],E47],E33]],Reach[Reach[Reach[Reach[E29,E21],E9],E12]]]]]	0	99	-	unsanitized
CompleteSummary[Complete[Source[N0],Sink[N99],Reach[Reach[Reach[Reach[Reach[Reach[Reach[Reach[Reach[E2,E375],E217],E212],E220],E37],E29],E21],E9],E12]]]	0	99	-	complete
SanitizedSummary[Sanitized[Complete[Source[N0],Sink[N99],Reach[Reach[Reach[Reach[Reach[Reach[Reach[Reach[Reach[E2,E375],E217],E212],E220],E37],E29],E21],E9],E12]],Sanitizer[N50],Reach[Reach[Reach[Reach[E2,E375],E217],E212]],Reach[Reach[Reach[Reach[Reach[Reach[E220,E37],E29],E21],E9],E12]]]]	0	99	50	sanitized
SanitizedSummary[Sanitized[Complete[Source[N0],Sink[N99],Reach[Reach[Reach[Reach[Reach[Reach[Reach[Reach[Reach[E2,E375],E217],E212],E220],E37],E29],E21],E9],E12]],Sanitizer[N5],Reach[Reach[Reach[Reach[Reach[Reach[Reach[E2,E375],E217],E212],E220],E37],E29]],Reach[Reach[Reach[E21,E9],E12]]]]	0	99	5	sanitized
CompleteSummary[Complete[Source[N0],Sink[N99],Reach[Reach[Reach[Reach[Reach[Reach[Reach[Reach[Reach[E2,E375],E217],E214],E143],E133],E136],E163],E11],E12]]]	0	99	-	complete
SanitizedSummary[Sanitized[Complete[Source[N0],Sink[N99],Reach[Reach[Reach[Reach[Reach[Reach[Reach[Reach[Reach[E2,E375],E217],E214],E143],E133],E136],E163],E11],E12]],Sanitizer[N30],Reach[Reach[Reach[Reach[Reach[E2,E375],E217],E214],E143]],Reach[Reach[Reach[Reach[Reach[E133,E136],E163],E11],E12]]]]	0	99	30	sanitized
SanitizedSummary[Sanitized[Complete[Source[N0],Sink[N99],Reach[Reach[Reach[Reach[Reach[Reach[Reach[Reach[Reach[E2,E375],E217],E214],E143],E133],E136],E163],E11],E12]],Sanitizer[N35],Reach[Reach[Reach[Reach[Reach[Reach[Reach[Reach[E2,E375],E217],E214],E143],E133],E136],E163]],Reach[Reach[E11,E12]]]]	0	99	35	sanitized
UnsanitizedSummary[Unsanitized[SensitiveOnPath[Complete[Source[N0],Sink[N99],Reach[Reach[Reach[Reach[Reach[Reach[Reach[Reach[Reach[E2,E375],E217],E214],E143],E133],E136],E163],E11],E12]],SensFromType[S16],Reach[Reach[Reach[Reach[E2,E375],E217],E214]],Reach[Reach[Reach[Reach[Reach[Reach[E143,E133],E136],E163],E11],E12]]]]]	0	99	-	unsanitized
CompleteSummary[Complete[Source[N0],Sink[N99],Reach[Reach[Reach[Reach[Reach[Reach[Reach[Reach[Reach[E2,E375],E217],E214],E143],E138],E146],E154],E11],E12]]]	0	99	-	complete
SanitizedSummary[Sanitized[Complete[Source[N0],Sink[N99],Reach[Reach[Reach[Reach[Reach[Reach[Reach[Reach[Reach[E2,E375],E217],E214],E143],E138],E146],E154],E11],E12]],Sanitizer[N30],Reach[Reach[Reach[Reach[Reach[E2,E375],E217],E214],E143]],Reach[Reach[Reach[Reach[Reach[E138,E146],E154],E11],E12]]]]	0	99	30	sanitized
SanitizedSummary[Sanitized[Complete[Source[N0],Sink[N99],Reach[Reach[Reach[Reach[Reach[Reach[Reach[Reach[Reach[E2,E375],E217],E214],E143],E138],E146],E154],E11],E12]],Sanitizer[N35],Reach[Reach[Reach[Reach[Reach[Reach[Reach[Reach[E2,E375],E217],E214],E143],E138],E146],E154]],Reach[Reach[E11,E12]]]]	0	99	35	sanitized
UnsanitizedSummary[Unsanitized[SensitiveOnPath[Complete[Source[N0],Sink[N99],Reach[Reach[Reach[Reach[Reach[Reach[Reach[Reach[Reach[E2,E375],E217],E214],E143],E138],E146],E154],E11],E12]],SensFromType[S16],Reach[Reach[Reach[Reach[E2,E375],E217],E214]],Reach[Reach[Reach[Reach[Reach[Reach[E143,E138],E146],E154],E11],E12]]]]]	0	99	-	unsanitized
CompleteSummary[Complete[Source[N0],Sink[N99],Reach[Reach[Reach[Reach[Reach[Reach[Reach[Reach[Reach[E2,E375],E217],E214],E143],E140],E148],E154],E11],E12]]]	0	99	-	complete
SanitizedSummary[Sanitized[Complete[Source[N0],Sink[N99],Reach[Reach[Reach[Reach[Reach[Reach[Reach[Reach[Reach[E2,E375],E217],E214],E143],E140],E148],E154],E11],E12]],Sanitizer[N30],Reach[Reach[Reach[Reach[Reach[E2,E375],E217],E214],E143]],Reach[Reach[Reach[Reach[Reach[E140,E148],E154],E11],E12]]]]	0	99	30	sanitized
SanitizedSummary[Sanitized[Complete[Source[N0],Sink[N99],Reach[Reach[Reach[Reach[Reach[Reach[Reach[Reach[Reach[E2,E375],E217],E214],E143],E140],E148],E154],E11],E12]],Sanitizer[N35],Reach[Reach[Reach[Reach[Reach[Reach[Reach[Reach[E2,E375],E217],E214],E143],E140],E148],E154]],Reach[Reach[E11,E12]]]]	0	99	35	sanitized
UnsanitizedSummary[Unsanitized[SensitiveOnPath[Complete[Source[N0],Sink[N99],Reach[Reach[Reach[Reach[Reach[Reach[Reach[Reach[Reach[E2,E375],E217],E214],E143],E140],E148],E154],E11],E12]],SensFromType[S16],Reach[Reach[Reach[Reach[E2,E375],E217],E214]],Reach[Reach[Reach[Reach[Reach[Reach[E143,E140],E148],E154],E11],E12]]]]]	0	99	-	unsanitized
CompleteSummary[Complete[Source[N0],Sink[N99],Reach[Reach[Reach[Reach[Reach[Reach[Reach[Reach[Reach[E2,E375],E217],E214],E143],E140],E150],E156],E11],E12]]]	0	99	-	complete
SanitizedSummary[Sanitized[Complete[Source[N0],Sink[N99],Reach[Reach[Reach[Reach[Reach[Reach[Reach[Reach[Reach[E2,E375],E217],E214],E143],E140],E150],E156],E11],E12]],Sanitizer[N30],Reach[Reach[Reach[Reach[Reach[E2,E375],E217],E214],E143]],Reach[Reach[Reach[Reach[Reach[E140,E150],E156],E11],E12]]]]	0	99	30	sanitized
SanitizedSummary[Sanitized[Complete[Source[N0],Sink[N99],Reach[Reach[Reach[Reach[Reach[Reach[Reach[Reach[Reach[E2,E375],E217],E214],E143],E140],E150],E156],E11],E12]],Sanitizer[N35],Reach[Reach[Reach[Reach[Reach[Reach[Reach[Reach[E2,E375],E217],E214],E143],E140],E150],E156]],Reach[Reach[E11,E12]]]]	0	99	35	sanitized
UnsanitizedSummary[Unsanitized[SensitiveOnPath[Complete[Source[N0],Sink[N99],Reach[Reach[Reach[Reach[Reach[Reach[Reach[Reach[Reach[E2,E375],E217],E214],E143],E140],E150],E156],E11],E12]],SensFromType[S16],Reach[Reach[Reach[Reach[E2,E375],E217],E214]],Reach[Reach[Reach[Reach[Reach[Reach[E143,E140],E150],E156],E11],E12]]]]]	0	99	-	unsanitized
CompleteSummary[Complete[Source[N0],Sink[N99],Reach[Reach[Reach[Reach[Reach[Reach[Reach[Reach[Reach[E2,E375],E217],E214],E224],E290],E381],E382],E388],E396]]]	0	99	-	complete
SanitizedSummary[Sanitized[Complete[Source[N0],Sink[N99],Reach[Reach[Reach[Reach[Reach[Reach[Reach[Reach[Reach[E2,E375],E217],E214],E224],E290],E381],E382],E388],E396]],Sanitizer[N95],Reach[Reach[Reach[Reach[Reach[Reach[Reach[Reach[E2,E375],E217],E214],E224],E290],E381],E382]],Reach[Reach[E388,E396]]]]	0	99	95	sanitized
UnsanitizedSummary[Unsanitized[SensitiveOnPath[Complete[Source[N0],Sink[N99],Reach[Reach[Reach[Reach[Reach[Reach[Reach[Reach[Reach[E2,E375],E217],E214],E224],E290],E381],E382],E388],E396]],SensFromType[S16],Reach[Reach[Reach[Reach[E2,E375],E217],E214]],Reach[Reach[Reach[Reach[Reach[Reach[E224,E290],E381],E382],E388],E396]]]]]	0	99	-	unsanitized
UnsanitizedSummary[Unsanitized[SensitiveOnPath[Complete[Source[N0],Sink[N99],Reach[Reach[Reach[Reach[Reach[Reach[Reach[Reach[Reach[E2,E375],E217],E214],E224],E290],E381],E382],E388],E396]],SensFromType[S30],Reach[Reach[Reach[Reach[Reach[Reach[Reach[E2,E375],E217],E214],E224],E290],E381]],Reach[Reach[Reach[E382,E388],E396]]]]]	0	99	-	unsanitized
CompleteSummary[Complete[Source[N0],Sink[N99],Reach[Reach[Reach[Reach[Reach[Reach[Reach[Reach[Reach[E2,E375],E217],E214],E224],E290],E384],E387],E388],E396]]]	0	99	-	complete
SanitizedSummary[Sanitized[Complete[Source[N0],Sink[N99],Reach[Reach[Reach[Reach[Reach[Reach[Reach[Reach[Reach[E2,E375],E217],E214],E224],E290],E384],E387],E388],E396]],Sanitizer[N95],Reach[Reach[Reach[Reach[Reach[Reach[Reach[Reach[E2,E375],E217],E214],E224],E290],E384],E387]],Reach[Reach[E388,E396]]]]	0	99	95	sanitized
UnsanitizedSummary[Unsanitized[SensitiveOnPath[Complete[Source[N0],Sink[N99],Reach[Reach[Reach[Reach[Reach[Reach[Reach[Reach[Reach[E2,E375],E217],E214],E224],E290],E384],E387],E388],E396]],SensFromType[S16],Reach[Reach[Reach[Reach[E2,E375],E217],E214]],Reach[Reach[Reach[Reach[Reach[Reach[E224,E290],E384],E387],E388],E396]]]]]	0	99	-	unsanitized
UnsanitizedSummary[Unsanitized[SensitiveOnPath[Complete[Source[N0],Sink[N99],Reach[Reach[Reach[Reach[Reach[Reach[Reach[Reach[Reach[E2,E375],E217],E214],E224],E290],E384],E387],E388],E396]],SensFromType[S31],Reach[Reach[Reach[Reach[Reach[Reach[Reach[E2,E375],E217],E214],E224],E290],E384]],Reach[Reach[Reach[E387,E388],E396]]]]]	0	99	-	unsanitized
CompleteSummary[Complete[Source[N0],Sink[N99],Reach[Reach[Reach[Reach[Reach[Reach[Reach[Reach[Reach[E2,E375],E217],E214],E224],E290],E384],E390],E394],E398]]]	0	99	-	complete
UnsanitizedSummary[Unsanitized[SensitiveOnPath[Complete[Source[N0],Sink[N99],Reach[Reach[Reach[Reach[Reach[Reach[Reach[Reach[Reach[E2,E375],E217],E214],E224],E290],E384],E390],E394],E398]],SensFromType[S16],Reach[Reach[Reach[Reach[E2,E375],E217],E214]],Reach[Reach[Reach[Reach[Reach[Reach[E224,E290],E384],E390],E394],E398]]]]]	0	99	-	unsanitized
UnsanitizedSummary[Unsanitized[SensitiveOnPath[Complete[Source[N0],Sink[N99],Reach[Reach[Reach[Reach[Reach[Reach[Reach[Reach[Reach[E2,E375],E217],E214],E224],E290],E384],E390],E394],E398]],SensFromType[S31],Reach[Reach[Reach[Reach[Reach[Reach[Reach[E2,E375],E217],E214],E224],E290],E384]],Reach[Reach[Reach[E390,E394],E398]]]]]	0	99	-	unsanitized
CompleteSummary[Complete[Source[N0],Sink[N99],Reach[Reach[Reach[Reach[Reach[Reach[Reach[Reach[E2,E375],E217],E214],E224],E290],E384],E390],E396]]]	0	99	-	complete
UnsanitizedSummary[Unsanitized[SensitiveOnPath[Complete[Source[N0],Sink[N99],Reach[Reach[Reach[Reach[Reach[Reach[Reach[Reach[E2,E375],E217],E214],E224],E290],E384],E390],E396]],SensFromType[S16],Reach[Reach[Reach[Reach[E2,E375],E217],E214]],Reach[Reach[Reach[Reach[Reach[E224,E290],E384],E390],E396]]]]]	0	99	-	unsanitized
UnsanitizedSummary[Unsanitized[SensitiveOnPath[Complete[Source[N0],Sink[N99],Reach[Reach[Reach[Reach[Reach[Reach[Reach[Reach[E2,E375],E217],E214],E224],E290],E384],E390],E396]],SensFromType[S31],Reach[Reach[Reach[Reach[Reach[Reach[Reach[E2,E375],E217],E214],E224],E290],E384]],Reach[Reach[E390,E396]]]]]	0	99	-	unsanitized
CompleteSummary[Complete[Source[N0],Sink[N99],Reach[Reach[Reach[Reach[Reach[Reach[Reach[Reach[Reach[E2,E375],E217],E214],E224],E290],E384],E392],E395],E396]]]	0	99	-	complete
UnsanitizedSummary[Unsanitized[SensitiveOnPath[Complete[Source[N0],Sink[N99],Reach[Reach[Reach[Reach[Reach[Reach[Reach[Reach[Reach[E2,E375],E217],E214],E224],E290],E384],E392],E395],E396]],SensFromType[S16],Reach[Reach[Reach[Reach[E2,E375],E217],E214]],Reach[Reach[Reach[Reach[Reach[Reach[E224,E290],E384],E392],E395],E396]]]]]	0	99	-	unsanitized
UnsanitizedSummary[Unsanitized[SensitiveOnPath[Complete[Source[N0],Sink[N99],Reach[Reach[Reach[Reach[Reach[Reach[Reach[Reach[Reach[E2,E375],E217],E214],E224],E290],E384],E392],E395],E396]],SensFromType[S31],Reach[Reach[Reach[Reach[Reach[Reach[Reach[E2,E375],E217],E214],E224],E290],E384]],Reach[Reach[Reach[E392,E395],E396]]]]]	0	99	-	unsanitized
CompleteSummary[Complete[Source[N0],Sink[N99],Reach[Reach[Reach[Reach[Reach[Reach[Reach[Reach[E2,E375],E217],E214],E224],E290],E384],E392],E398]]]	0	99	-	complete
UnsanitizedSummary[Unsanitized[SensitiveOnPath[Complete[Source[N0],Sink[N99],Reach[Reach[Reach[Reach[Reach[Reach[Reach[Reach[E2,E375],E217],E214],E224],E290],E384],E392],E398]],SensFromType[S16],Reach[Reach[Reach[Reach[E2,E375],E217],E214]],Reach[Reach[Reach[Reach[Reach[E224,E290],E384],E392],E398]]]]]	0	99	-	unsanitized
UnsanitizedSummary[Unsanitized[SensitiveOnPath[Complete[Source[N0],Sink[N99],Reach[Reach[Reach[Reach[Reach[Reach[Reach[Reach[E2,E375],E217],E214],E224],E290],E384],E392],E398]],SensFromType[S31],Reach[Reach[Reach[Reach[Reach[Reach[Reach[E2,E375],E217],E214],E224],E290],E384]],Reach[Reach[E392,E398]]]]]	0	99	-	unsanitized
CompleteSummary[Complete[Source[N0],Sink[N99],Reach[Reach[Reach[Reach[Reach[Reach[Reach[Reach[Reach[E2,E375],E373],E211],E47],E33],E29],E21],E9],E12]]]	0	99	-	complete
SanitizedSummary[Sanitized[Complete[Source[N0],Sink[N99],Reach[Reach[Reach[Reach[Reach[Reach[Reach[Reach[Reach[E2,E375],E373],E211],E47],E33],E29],E21],E9],E12]],Sanitizer[N90],Reach[Reach[Reach[E2,E375],E373]],Reach[Reach[Reach[Reach[Reach[Reach[Reach[E211,E47],E33],E29],E21],E9],E12]]]]	0	99	90	sanitized
SanitizedSummary[Sanitized[Complete[Source[N0],Sink[N99],Reach[Reach[Reach[Reach[Reach[Reach[Reach[Reach[Reach[E2,E375],E373],E211],E47],E33],E29],E21],E9],E12]],Sanitizer[N5],Reach[Reach[Reach[Reach[Reach[Reach[Reach[E2,E375],E373],E211],E47],E33],E29]],Reach[Reach[Reach[E21,E9],E12]]]]	0	99	5	sanitized
CompleteSummary[Complete[Source[N0],Sink[N99],Reach[Reach[Reach[Reach[Reach[Reach[Reach[E2,E376],E380],E384],E387],E388],E394],E398]]]	0	99	-	complete
SanitizedSummary[Sanitized[Complete[Source[N0],Sink[N99],Reach[Reach[Reach[Reach[Reach[Reach[Reach[E2,E376],E380],E384],E387],E388],E394],E398]],Sanitizer[N95],Reach[Reach[Reach[Reach[Reach[E2,E376],E380],E384],E387]],Reach[Reach[Reach[E388,E394],E398]]]]	0	99	95	sanitized
UnsanitizedSummary[Unsanitized[SensitiveOnPath[Complete[Source[N0],Sink[N99],Reach[Reach[Reach[Reach[Reach[Reach[Reach[E2,E376],E380],E384],E387],E388],E394],E398]],SensFromType[S30],Reach[Reach[E2,E376]],Reach[Reach[Reach[Reach[Reach[Reach[E380,E384],E387],E388],E394],E398]]]]]	0	99	-	unsanitized
UnsanitizedSummary[Unsanitized[SensitiveOnPath[Complete[Source[N0],Sink[N99],Reach[Reach[Reach[Reach[Reach[Reach[Reach[E2,E376],E380],E384],E387],E388],E394],E398]],SensFromType[S31],Reach[Reach[Reach[Reach[E2,E376],E380],E384]],Reach[Reach[Reach[Reach[E387,E388],E394],E398]]]]]	0	99	-	unsanitized
CompleteSummary[Complete[Source[N0],Sink[N99],Reach[Reach[Reach[Reach[Reach[Reach[E2,E376],E380],E384],E387],E388],E396]]]	0	99	-	complete
SanitizedSummary[Sanitized[Complete[Source[N0],Sink[N99],Reach[Reach[Reach[Reach[Reach[Reach[E2,E376],E380],E384],E387],E388],E396]],Sanitizer[N95],Reach[Reach[Reach[Reach[Reach[E2,E376],E380],E384],E387]],Reach[Reach[E388,E396]]]]	0	99	95	sanitized
UnsanitizedSummary[Unsanitized[SensitiveOnPath[Complete[Source[N0],Sink[N99],Reach[Reach[Reach[Reach[Reach[Reach[E2,E376],E380],E384],E387],E388],E396]],SensFromType[S30],Reach[Reach[E2,E376]],Reach[Reach[Reach[Reach[Reach[E380,E384],E387],E388],E396]]]]]	0	99	-	unsanitized
UnsanitizedSummary[Unsanitized[SensitiveOnPath[Complete[Source[N0],Sink[N99],Reach[Reach[Reach[Reach[Reach[Reach[E2,E376],E380],E384],E387],E388],E396]],SensFromType[S31],Reach[Reach[Reach[Reach[E2,E376],E380],E384]],Reach[Reach[Reach[E387,E388],E396]]]]]	0	99	-	unsanitized
CompleteSummary[Complete[Source[N0],Sink[N99],Reach[Reach[Reach[Reach[Reach[Reach[E2,E376],E380],E384],E390],E394],E398]]]	0	99	-	complete
UnsanitizedSummary[Unsanitized[SensitiveOnPath[Complete[Source[N0],Sink[N99],Reach[Reach[Reach[Reach[Reach[Reach[E2,E376],E380],E384],E390],E394],E398]],SensFromType[S30],Reach[Reach[E2,E376]],Reach[Reach[Reach[Reach[Reach[E380,E384],E390],E394],E398]]]]]	0	99	-	unsanitized
UnsanitizedSummary[Unsanitized[SensitiveOnPath[Complete[Source[N0],Sink[N99],Reach[Reach[Reach[Reach[Reach[Reach[E2,E376],E380],E384],E390],E394],E398]],SensFromType[S31],Reach[Reach[Reach[Reach[E2,E376],E380],E384]],Reach[Reach[Reach[E390,E394],E398]]]]]	0	99	-	unsanitized
CompleteSummary[Complete[Source[N0],Sink[N99],Reach[Reach[Reach[Reach[Reach[E2,E376],E380],E384],E390],E396]]]	0	99	-	complete
UnsanitizedSummary[Unsanitized[SensitiveOnPath[Complete[Source[N0],Sink[N99],Reach[Reach[Reach[Reach[Reach[E2,E376],E380],E384],E390],E396]],SensFromType[S30],Reach[Reach[E2,E376]],Reach[Reach[Reach[Reach[E380,E384],E390],E396]]]]]	0	99	-	unsanitized
UnsanitizedSummary[Unsanitized[SensitiveOnPath[Complete[Source[N0],Sink[N99],Reach[Reach[Reach[Reach[Reach[E2,E376],E380],E384],E390],E396]],SensFromType[S31],Reach[Reach[Reach[Reach[E2,E376],E380],E384]],Reach[Reach[E390,E396]]]]]	0	99	-	unsanitized
CompleteSummary[Complete[Source[N0],Sink[N99],Reach[Reach[Reach[Reach[Reach[Reach[E2,E376],E380],E384],E392],E395],E396]]]	0	99	-	complete
UnsanitizedSummary[Unsanitized[SensitiveOnPath[Complete[Source[N0],Sink[N99],Reach[Reach[Reach[Reach[Reach[Reach[E2,E376],E380],E384],E392],E395],E396]],SensFromType[S30],Reach[Reach[E2,E376]],Reach[Reach[Reach[Reach[Reach[E380,E384],E392],E395],E396]]]]]	0	99	-	unsanitized
UnsanitizedSummary[Unsanitized[SensitiveOnPath[Complete[Source[N0],Sink[N99],Reach[Reach[Reach[Reach[Reach[Reach[E2,E376],E380],E384],E392],E395],E396]],SensFromType[S31],Reach[Reach[Reach[Reach[E2,E376],E380],E384]],Reach[Reach[Reach[E392,E395],E396]]]]]	0	99	-	unsanitized
CompleteSummary[Complete[Source[N0],Sink[N99],Reach[Reach[Reach[Reach[Reach[E2,E376],E380],E384],E392],E398]]]	0	99	-	complete
UnsanitizedSummary[Unsanitized[SensitiveOnPath[Complete[Source[N0],Sink[N99],Reach[Reach[Reach[Reach[Reach[E2,E376],E380],E384],E392],E398]],SensFromType[S30],Reach[Reach[E2,E376]],Reach[Reach[Reach[Reach[E380,E384],E392],E398]]]]]	0	99	-	unsanitized
UnsanitizedSummary[Unsanitized[SensitiveOnPath[Complete[Source[N0],Sink[N99],Reach[Reach[Reach[Reach[Reach[E2,E376],E380],E384],E392],E398]],SensFromType[S31],Reach[Reach[Reach[Reach[E2,E376],E380],E384]],Reach[Reach[E392,E398]]]]]	0	99	-	unsanitized
CompleteSummary[Complete[Source[N0],Sink[N99],Reach[Reach[Reach[Reach[Reach[Reach[E2,E376],E382],E386],E390],E394],E398]]]	0	99	-	complete
SanitizedSummary[Sanitized[Complete[Source[N0],Sink[N99],Reach[Reach[Reach[Reach[Reach[Reach[E2,E376],E382],E386],E390],E394],E398]],Sanitizer[N95],Reach[Reach[Reach[E2,E376],E382]],Reach[Reach[Reach[Reach[E386,E390],E394],E398]]]]	0	99	95	sanitized
UnsanitizedSummary[Unsanitized[SensitiveOnPath[Complete[Source[N0],Sink[N99],Reach[Reach[Reach[Reach[Reach[Reach[E2,E376],E382],E386],E390],E394],E398]],SensFromType[S30],Reach[Reach[E2,E376]],Reach[Reach[Reach[Reach[Reach[E382,E386],E390],E394],E398]]]]]	0	99	-	unsanitized
CompleteSummary[Complete[Source[N0],Sink[N99],Reach[Reach[Reach[Reach[Reach[E2,E376],E382],E386],E390],E396]]]	0	99	-	complete
SanitizedSummary[Sanitized[Complete[Source[N0],Sink[N99],Reach[Reach[Reach[Reach[Reach[E2,E376],E382],E386],E390],E396]],Sanitizer[N95],Reach[Reach[Reach[E2,E376],E382]],Reach[Reach[Reach[E386,E390],E396]]]]	0	99	95	sanitized
UnsanitizedSummary[Unsanitized[SensitiveOnPath[Complete[Source[N0],Sink[N99],Reach[Reach[Reach[Reach[Reach[E2,E376],E382],E386],E390],E396]],SensFromType[S30],Reach[Reach[E2,E376]],Reach[Reach[Reach[Reach[E382,E386],E390],E396]]]]]	0	99	-	unsanitized
CompleteSummary[Complete[Source[N0],Sink[N99],Reach[Reach[Reach[Reach[Reach[Reach[E2,E376],E382],E386],E392],E395],E396]]]	0	99	-	complete
SanitizedSummary[Sanitized[Complete[Source[N0],Sink[N99],Reach[Reach[Reach[Reach[Reach[Reach[E2,E376],E382],E386],E392],E395],E396]],Sanitizer[N95],Reach[Reach[Reach[E2,E376],E382]],Reach[Reach[Reach[Reach[E386,E392],E395],E396]]]]	0	99	95	sanitized
UnsanitizedSummary[Unsanitized[SensitiveOnPath[Complete[Source[N0],Sink[N99],Reach[Reach[Reach[Reach[Reach[Reach[E2,E376],E382],E386],E392],E395],E396]],SensFromType[S30],Reach[Reach[E2,E376]],Reach[Reach[Reach[Reach[Reach[E382,E386],E392],E395],E396]]]]]	0	99	-	unsanitized
CompleteSummary[Complete[Source[N0],Sink[N99],Reach[Reach[Reach[Reach[Reach[E2,E376],E382],E386],E392],E398]]]	0	99	-	complete
SanitizedSummary[Sanitized[Complete[Source[N0],Sink[N99],Reach[Reach[Reach[Reach[Reach[E2,E376],E382],E386],E392],E398]],Sanitizer[N95],Reach[Reach[Reach[E2,E376],E382]],Reach[Reach[Reach[E386,E392],E398]]]]	0	99	95	sanitized
UnsanitizedSummary[Unsanitized[SensitiveOnPath[Complete[Source[N0],Sink[N99],Reach[Reach[Reach[Reach[Reach[E2,E376],E382],E386],E392],E398]],SensFromType[S30],Reach[Reach[E2,E376]],Reach[Reach[Reach[Reach[E382,E386],E392],E398]]]]]	0	99	-	unsanitized
CompleteSummary[Complete[Source[N0],Sink[N99],Reach[Reach[Reach[Reach[Reach[Reach[E2,E376],E382],E388],E391],E392],E398]]]	0	99	-	complete
SanitizedSummary[Sanitized[Complete[Source[N0],Sink[N99],Reach[Reach[Reach[Reach[Reach[Reach[E2,E376],E382],E388],E391],E392],E398]],Sanitizer[N95],Reach[Reach[Reach[E2,E376],E382]],Reach[Reach[Reach[Reach[E388,E391],E392],E398]]]]	0	99	95	sanitized
UnsanitizedSummary[Unsanitized[SensitiveOnPath[Complete[Source[N0],Sink[N99],Reach[Reach[Reach[Reach[Reach[Reach[E2,E376],E382],E388],E391],E392],E398]],SensFromType[S30],Reach[Reach[E2,E376]],Reach[Reach[Reach[Reach[Reach[E382,E388],E391],E392],E398]]]]]	0	99	-	unsanitized
CompleteSummary[Complete[Source[N0],Sink[N99],Reach[Reach[Reach[Reach[Reach[E2,E376],E382],E388],E394],E398]]]	0	99	-	complete
SanitizedSummary[Sanitized[Complete[Source[N0],Sink[N99],Reach[Reach[Reach[Reach[Reach[E2,E376],E382],E388],E394],E398]],Sanitizer[N95],Reach[Reach[Reach[E2,E376],E382]],Reach[Reach[Reach[E388,E394],E398]]]]	0	99	95	sanitized
UnsanitizedSummary[Unsanitized[SensitiveOnPath[Complete[Source[N0],Sink[N99],Reach[Reach[Reach[Reach[Reach[E2,E376],E382],E388],E394],E398]],SensFromType[S30],Reach[Reach[E2,E376]],Reach[Reach[Reach[Reach[E382,E388],E394],E398]]]]]	0	99	-	unsanitized
CompleteSummary[Complete[Source[N0],Sink[N99],Reach[Reach[Reach[Reach[E2,E376],E382],E388],E396]]]	0	99	-	complete
SanitizedSummary[Sanitized[Complete[Source[N0],Sink[N99],Reach[Reach[Reach[Reach[E2,E376],E382],E388],E396]],Sanitizer[N95],Reach[Reach[Reach[E2,E376],E382]],Reach[Reach[E388,E396]]]]	0	99	95	sanitized
UnsanitizedSummary[Unsanitized[SensitiveOnPath[Complete[Source[N0],Sink[N99],Reach[Reach[Reach[Reach[E2,E376],E382],E388],E396]],SensFromType[S30],Reach[Reach[E2,E376]],Reach[Reach[Reach[E382,E388],E396]]]]]	0	99	-	unsanitized
CompleteSummary[Complete[Source[N0],Sink[N99],Reach[Reach[Reach[Reach[Reach[Reach[Reach[Reach[Reach[E2,E378],E291],E225],E143],E133],E136],E163],E11],E12]]]	0	99	-	complete
SanitizedSummary[Sanitized[Complete[Source[N0],Sink[N99],Reach[Reach[Reach[Reach[Reach[Reach[Reach[Reach[Reach[E2,E378],E291],E225],E143],E133],E136],E163],E11],E12]],Sanitizer[N30],Reach[Reach[Reach[Reach[Reach[E2,E378],E291],E225],E143]],Reach[Reach[Reach[Reach[Reach[E133,E136],E163],E11],E12]]]]	0	99	30	sanitized
SanitizedSummary[Sanitized[Complete[Source[N0],Sink[N99],Reach[Reach[Reach[Reach[Reach[Reach[Reach[Reach[Reach[E2,E378],E291],E225],E143],E133],E136],E163],E11],E12]],Sanitizer[N35],Reach[Reach[Reach[Reach[Reach[Reach[Reach[Reach[E2,E378],E291],E225],E143],E133],E136],E163]],Reach[Reach[E11,E12]]]]	0	99	35	sanitized
UnsanitizedSummary[Unsanitized[SensitiveOnPath[Complete[Source[N0],Sink[N99],Reach[Reach[Reach[Reach[Reach[Reach[Reach[Reach[Reach[E2,E378],E291],E225],E143],E133],E136],E163],E11],E12]],SensFromType[S16],Reach[Reach[Reach[Reach[E2,E378],E291],E225]],Reach[Reach[Reach[Reach[Reach[Reach[E143,E133],E136],E163],E11],E12]]]]]	0	99	-	unsanitized
CompleteSummary[Complete[Source[N0],Sink[N99],Reach[Reach[Reach[Reach[Reach[Reach[Reach[Reach[Reach[E2,E378],E291],E225],E143],E138],E146],E154],E11],E12]]]	0	99	-	complete
SanitizedSummary[Sanitized[Complete[Source[N0],Sink[N99],Reach[Reach[Reach[Reach[Reach[Reach[Reach[Reach[Reach[E2,E378],E291],E225],E143],E138],E146],E154],E11],E12]],Sanitizer[N30],Reach[Reach[Reach[Reach[Reach[E2,E378],E291],E225],E143]],Reach[Reach[Reach[Reach[Reach[E138,E146],E154],E11],E12]]]]	0	99	30	sanitized
SanitizedSummary[Sanitized[Complete[Source[N0],Sink[N99],Reach[Reach[Reach[Reach[Reach[Reach[Reach[Reach[Reach[E2,E378],E291],E225],E143],E138],E146],E154],E11],E12]],Sanitizer[N35],Reach[Reach[Reach[Reach[Reach[Reach[Reach[Reach[E2,E378],E291],E225],E143],E138],E146],E154]],Reach[Reach[E11,E12]]]]	0	99	35	sanitized
UnsanitizedSummary[Unsanitized[SensitiveOnPath[Complete[Source[N0],Sink[N99],Reach[Reach[Reach[Reach[Reach[Reach[Reach[Reach[Reach[E2,E378],E291],E225],E143],E138],E146],E154],E11],E12]],SensFromType[S16],Reach[Reach[Reach[Reach[E2,E378],E291],E225]],Reach[Reach[Reach[Reach[Reach[Reach[E143,E138],E146],E154],E11],E12]]]]]	0	99	-	unsanitized
CompleteSummary[Complete[Source[N0],Sink[N99],Reach[Reach[Reach[Reach[Reach[Reach[Reach[Reach[Reach[E2,E378],E291],E225],E143],E140],E148],E154],E11],E12]]]	0	99	-	complete
SanitizedSummary[Sanitized[Complete[Source[N0],Sink[N99],Reach[Reach[Reach[Reach[Reach[Reach[Reach[Reach[Reach[E2,E378],E291],E225],E143],E140],E148],E154],E11],E12]],Sanitizer[N30],Reach[Reach[Reach[Reach[Reach[E2,E378],E291],E225],E143]],Reach[Reach[Reach[Reach[Reach[E140,E148],E154],E11],E12]]]]	0	99	30	sanitized
SanitizedSummary[Sanitized[Complete[Source[N0],Sink[N99],Reach[Reach[Reach[Reach[Reach[Reach[Reach[Reach[Reach[E2,E378],E291],E225],E143],E140],E148],E154],E11],E12]],Sanitizer[N35],Reach[Reach[Reach[Reach[Reach[Reach[Reach[Reach[E2,E378],E291],E225],E143],E140],E148],E154]],Reach[Reach[E11,E12]]]]	0	99	35	sanitized
UnsanitizedSummary[Unsanitized[SensitiveOnPath[Complete[Source[N0],Sink[N99],Reach[Reach[Reach[Reach[Reach[Reach[Reach[Reach[Reach[E2,E378],E291],E225],E143],E140],E148],E154],E11],E12]],SensFromType[S16],Reach[Reach[Reach[Reach[E2,E378],E291],E225]],Reach[Reach[Reach[Reach[Reach[Reach[E143,E140],E148],E154],E11],E12]]]]]	0	99	-	unsanitized
CompleteSummary[Complete[Source[N0],Sink[N99],Reach[Reach[Reach[Reach[Reach[Reach[Reach[Reach[Reach[E2,E378],E291],E225],E143],E140],E150],E156],E11],E12]]]	0	99	-	complete
SanitizedSummary[Sanitized[Complete[Source[N0],Sink[N99],Reach[Reach[Reach[Reach[Reach[Reach[Reach[Reach[Reach[E2,E378],E291],E225],E143],E140],E150],E156],E11],E12]],Sanitizer[N30],Reach[Reach[Reach[Reach[Reach[E2,E378],E291],E225],E143]],Reach[Reach[Reach[Reach[Reach[E140,E150],E156],E11],E12]]]]	0	99	30	sanitized
SanitizedSummary[Sanitized[Complete[Source[N0],Sink[N99],Reach[Reach[Reach[Reach[Reach[Reach[Reach[Reach[Reach[E2,E378],E291],E225],E143],E140],E150],E156],E11],E12]],Sanitizer[N35],Reach[Reach[Reach[Reach[Reach[Reach[Reach[Reach[E2,E378],E291],E225],E143],E140],E150],E156]],Reach[Reach[E11,E12]]]]	0	99	35	sanitized
UnsanitizedSummary[Unsanitized[SensitiveOnPath[Complete[Source[N0],Sink[N99],Reach[Reach[Reach[Reach[Reach[Reach[Reach[Reach[Reach[E2,E378],E291],E225],E143],E140],E150],E156],E11],E12]],SensFromType[S16],Reach[Reach[Reach[Reach[E2,E378],E291],E225]],Reach[Reach[Reach[Reach[Reach[Reach[E143,E140],E150],E156],E11],E12]]]]]	0	99	-	unsanitized
CompleteSummary[Complete[Source[N0],Sink[N99],Reach[Reach[Reach[Reach[Reach[Reach[Reach[Reach[Reach[E2,E378],E291],E288],E296],E37],E29],E21],E9],E12]]]	0	99	-	complete
SanitizedSummary[Sanitized[Complete[Source[N0],Sink[N99],Reach[Reach[Reach[Reach[Reach[Reach[Reach[Reach[Reach[E2,E378],E291],E288],E296],E37],E29],E21],E9],E12]],Sanitizer[N5],Reach[Reach[Reach[Reach[Reach[Reach[Reach[E2,E378],E291],E288],E296],E37],E29]],Reach[Reach[Reach[E21,E9],E12]]]]	0	99	5	sanitized
UnsanitizedSummary[Unsanitized[SensitiveOnPath[Complete[Source[N0],Sink[N99],Reach[Reach[Reach[Reach[Reach[Reach[Reach[Reach[Reach[E2,E378],E291],E288],E296],E37],E29],E21],E9],E12]],SensFromType[S22],Reach[Reach[Reach[Reach[E2,E378],E291],E288]],Reach[Reach[Reach[Reach[Reach[Reach[E296,E37],E29],E21],E9],E12]]]]]	0	99	-	unsanitized
UnsanitizedSummary[Unsanitized[SensitiveOnPath[Complete[Source[N0],Sink[N99],Reach[Reach[Reach[Reach[Reach[Reach[Reach[Reach[Reach[E2,E378],E291],E288],E296],E37],E29],E21],E9],E12]],SensFromType[S26],Reach[Reach[Reach[Reach[Reach[E2,E378],E291],E288],E296]],Reach[Reach[Reach[Reach[Reach[E37,E29],E21],E9],E12]]]]]	0	99	-	unsanitized
UnsanitizedSummary[Unsanitized[SensitiveOnPath[Complete[Source[N0],Sink[N99],Reach[Reach[Reach[Reach[Reach[Reach[Reach[Reach[Reach[E2,E378],E291],E288],E296],E37],E29],E21],E9],E12]],SensFromType[S1],Reach[Reach[Reach[Reach[Reach[Reach[E2,E378],E291],E288],E296],E37]],Reach[Reach[Reach[Reach[E29,E21],E9],E12]]]]]	0	99	-	unsanitized
CompleteSummary[Complete[Source[N0],Sink[N99],Reach[Reach[Reach[Reach[Reach[Reach[Reach[E2,E378],E381],E382],E386],E390],E394],E398]]]	0	99	-	complete
SanitizedSummary[Sanitized[Complete[Source[N0],Sink[N99],Reach[Reach[Reach[Reach[Reach[Reach[Reach[E2,E378],E381],E382],E386],E390],E394],E398]],Sanitizer[N95],Reach[Reach[Reach[Reach[E2,E378],E381],E382]],Reach[Reach[Reach[Reach[E386,E390],E394],E398]]]]	0	99	95	sanitized
UnsanitizedSummary[Unsanitized[SensitiveOnPath[Complete[Source[N0],Sink[N99],Reach[Reach[Reach[Reach[Reach[Reach[Reach[E2,E378],E381],E382],E386],E390],E394],E398]],SensFromType[S30],Reach[Reach[Reach[E2,E378],E381]],Reach[Reach[Reach[Reach[Reach[E382,E386],E390],E394],E398]]]]]	0	99	-	unsanitized
CompleteSummary[Complete[Source[N0],Sink[N99],Reach[Reach[Reach[Reach[Reach[Reach[E2,E378],E381],E382],E386],E390],E396]]]	0	99	-	complete
SanitizedSummary[Sanitized[Complete[Source[N0],Sink[N99],Reach[Reach[Reach[Reach[Reach[Reach[E2,E378],E381],E382],E386],E390],E396]],Sanitizer[N95],Reach[Reach[Reach[Reach[E2,E378],E381],E382]],Reach[Reach[Reach[E386,E390],E396]]]]	0	99	95	sanitized
UnsanitizedSummary[Unsanitized[SensitiveOnPath[Complete[Source[N0],Sink[N99],Reach[Reach[Reach[Reach[Reach[Reach[E2,E378],E381],E382],E386],E390],E396]],SensFromType[S30],Reach[Reach[Reach[E2,E378],E381]],Reach[Reach[Reach[Reach[E382,E386],E390],E396]]]]]	0	99	-	unsanitized
CompleteSummary[Complete[Source[N0],Sink[N99],Reach[Reach[Reach[Reach[Reach[Reach[Reach[E2,E378],E381],E382],E386],E392],E395],E396]]]	0	99	-	complete
SanitizedSummary[Sanitized[Complete[Source[N0],Sink[N99],Reach[Reach[Reach[Reach[Reach[Reach[Reach[E2,E378],E381],E382],E386],E392],E395],E396]],Sanitizer[N95],Reach[Reach[Reach[Reach[E2,E378],E381],E382]],Reach[Reach[Reach[Reach[E386,E392],E395],E396]]]]	0	99	95	sanitized
UnsanitizedSummary[Unsanitized[SensitiveOnPath[Complete[Source[N0],Sink[N99],Reach[Reach[Reach[Reach[Reach[Reach[Reach[E2,E378],E381],E382],E386],E392],E395],E396]],SensFromType[S30],Reach[Reach[Reach[E2,E378],E381]],Reach[Reach[Reach[Reach[Reach[E382,E386],E392],E395],E396]]]]]	0	99	-	unsanitized
CompleteSummary[Complete[Source[N0],Sink[N99],Reach[Reach[Reach[Reach[Reach[Reach[E2,E378],E381],E382],E386],E392],E398]]]	0	99	-	complete
SanitizedSummary[Sanitized[Complete[Source[N0],Sink[N99],Reach[Reach[Reach[Reach[Reach[Reach[E2,E378],E381],E382],E386],E392],E398]],Sanitizer[N95],Reach[Reach[Reach[Reach[E2,E378],E381],E382]],Reach[Reach[Reach[E386,E392],E398]]]]	0	99	95	sanitized
UnsanitizedSummary[Unsanitized[SensitiveOnPath[Complete[Source[N0],Sink[N99],Reach[Reach[Reach[Reach[Reach[Reach[E2,E378],E381],E382],E386],E392],E398]],SensFromType[S30],Reach[Reach[Reach[E2,E378],E381]],Reach[Reach[Reach[Reach[E382,E386],E392],E398]]]]]	0	99	-	unsanitized
CompleteSummary[Complete[Source[N0],Sink[N99],Reach[Reach[Reach[Reach[Reach[Reach[Reach[E2,E378],E381],E382],E388],E391],E392],E398]]]	0	99	-	complete
SanitizedSummary[Sanitized[Complete[Source[N0],Sink[N99],Reach[Reach[Reach[Reach[Reach[Reach[Reach[E2,E378],E381],E382],E388],E391],E392],E398]],Sanitizer[N95],Reach[Reach[Reach[Reach[E2,E378],E381],E382]],Reach[Reach[Reach[Reach[E388,E391],E392],E398]]]]	0	99	95	sanitized
UnsanitizedSummary[Unsanitized[SensitiveOnPath[Complete[Source[N0],Sink[N99],Reach[Reach[Reach[Reach[Reach[Reach[Reach[E2,E378],E381],E382],E388],E391],E392],E398]],SensFromType[S30],Reach[Reach[Reach[E2,E378],E381]],Reach[Reach[Reach[Reach[Reach[E382,E388],E391],E392],E398]]]]]	0	99	-	unsanitized
CompleteSummary[Complete[Source[N0],Sink[N99],Reach[Reach[Reach[Reach[Reach[Reach[E2,E378],E381],E382],E388],E394],E398]]]	0	99	-	complete
SanitizedSummary[Sanitized[Complete[Source[N0],Sink[N99],Reach[Reach[Reach[Reach[Reach[Reach[E2,E378],E381],E382],E388],E394],E398]],Sanitizer[N95],Reach[Reach[Reach[Reach[E2,E378],E381],E382]],Reach[Reach[Reach[E388,E394],E398]]]]	0	99	95	sanitized
UnsanitizedSummary[Unsanitized[SensitiveOnPath[Complete[Source[N0],Sink[N99],Reach[Reach[Reach[Reach[Reach[Reach[E2,E378],E381],E382],E388],E394],E398]],SensFromType[S30],Reach[Reach[Reach[E2,E378],E381]],Reach[Reach[Reach[Reach[E382,E388],E394],E398]]]]]	0	99	-	unsanitized
CompleteSummary[Complete[Source[N0],Sink[N99],Reach[Reach[Reach[Reach[Reach[E2,E378],E381],E382],E388],E396]]]	0	99	-	complete
SanitizedSummary[Sanitized[Complete[Source[N0],Sink[N99],Reach[Reach[Reach[Reach[Reach[E2,E378],E381],E382],E388],E396]],Sanitizer[N95],Reach[Reach[Reach[Reach[E2,E378],E381],E382]],Reach[Reach[E388,E396]]]]	0	99	95	sanitized
UnsanitizedSummary[Unsanitized[SensitiveOnPath[Complete[Source[N0],Sink[N99],Reach[Reach[Reach[Reach[Reach[E2,E378],E381],E382],E388],E396]],SensFromType[S30],Reach[Reach[Reach[E2,E378],E381]],Reach[Reach[Reach[E382,E388],E396]]]]]	0	99	-	unsanitized
CompleteSummary[Complete[Source[N0],Sink[N99],Reach[Reach[Reach[Reach[Reach[Reach[E2,E378],E384],E387],E388],E394],E398]]]	0	99	-	complete
SanitizedSummary[Sanitized[Complete[Source[N0],Sink[N99],Reach[Reach[Reach[Reach[Reach[Reach[E2,E378],E384],E387],E388],E394],E398]],Sanitizer[N95],Reach[Reach[Reach[Reach[E2,E378],E384],E387]],Reach[Reach[Reach[E388,E394],E398]]]]	0	99	95	sanitized
UnsanitizedSummary[Unsanitized[SensitiveOnPath[Complete[Source[N0],Sink[N99],Reach[Reach[Reach[Reach[Reach[Reach[E2,E378],E384],E387],E388],E394],E398]],SensFromType[S31],Reach[Reach[Reach[E2,E378],E384]],Reach[Reach[Reach[Reach[E387,E388],E394],E398]]]]]	0	99	-	unsanitized
CompleteSummary[Complete[Source[N0],Sink[N99],Reach[Reach[Reach[Reach[Reach[E2,E378],E384],E387],E388],E396]]]	0	99	-	complete
SanitizedSummary[Sanitized[Complete[Source[N0],Sink[N99],Reach[Reach[Reach[Reach[Reach[E2,E378],E384],E387],E388],E396]],Sanitizer[N95],Reach[Reach[Reach[Reach[E2,E378],E384],E387]],Reach[Reach[E388,E396]]]]	0	99	95	sanitized
UnsanitizedSummary[Unsanitized[SensitiveOnPath[Complete[Source[N0],Sink[N99],Reach[Reach[Reach[Reach[Reach[E2,E378],E384],E387],E388],E396]],SensFromType[S31],Reach[Reach[Reach[E2,E378],E384]],Reach[Reach[Reach[E387,E388],E396]]]]]	0	99	-	unsanitized
CompleteSummary[Complete[Source[N0],Sink[N99],Reach[Reach[Reach[Reach[Reach[E2,E378],E384],E390],E394],E398]]]	0	99	-	complete
UnsanitizedSummary[Unsanitized[SensitiveOnPath[Complete[Source[N0],Sink[N99],Reach[Reach[Reach[Reach[Reach[E2,E378],E384],E390],E394],E398]],SensFromType[S31],Reach[Reach[Reach[E2,E378],E384]],Reach[Reach[Reach[E390,E394],E398]]]]]	0	99	-	unsanitized
CompleteSummary[Complete[Source[N0],Sink[N99],Reach[Reach[Reach[Reach[E2,E378],E384],E390],E396]]]	0	99	-	complete
UnsanitizedSummary[Unsanitized[SensitiveOnPath[Complete[Source[N0],Sink[N99],Reach[Reach[Reach[Reach[E2,E378],E384],E390],E396]],SensFromType[S31],Reach[Reach[Reach[E2,E378],E384]],Reach[Reach[E390,E396]]]]]	0	99	-	unsanitized
CompleteSummary[Complete[Source[N0],Sink[N99],Reach[Reach[Reach[Reach[Reach[E2,E378],E384],E392],E395],E396]]]	0	99	-	complete
UnsanitizedSummary[Unsanitized[SensitiveOnPath[Complete[Source[N0],Sink[N99],Reach[Reach[Reach[Reach[Reach[E2,E378],E384],E392],E395],E396]],SensFromType[S31],Reach[Reach[Reach[E2,E378],E384]],Reach[Reach[Reach[E392,E395],E396]]]]]	0	99	-	unsanitized
CompleteSummary[Complete[Source[N0],Sink[N99],Reach[Reach[Reach[Reach[E2,E378],E384],E392],E398]]]	0	99	-	complete
UnsanitizedSummary[Unsanitized[SensitiveOnPath[Complete[Source[N0],Sink[N99],Reach[Reach[Reach[Reach[E2,E378],E384],E392],E398]],SensFromType[S31],Reach[Reach[Reach[E2,E378],E384]],Reach[Reach[E392,E398]]]]]	0	99	-	unsanitized
CompleteSummary[Complete[Source[N0],Sink[N99],Reach[Reach[Reach[Reach[Reach[Reach[Reach[E4,E393],E385],E379],E376],E382],E388],E396]]]	0	99	-	complete
SanitizedSummary[Sanitized[Complete[Source[N0],Sink[N99],Reach[Reach[Reach[Reach[Reach[Reach[Reach[E4,E393],E385],E379],E376],E382],E388],E396]],Sanitizer[N95],Reach[Reach[Reach[Reach[Reach[Reach[E4,E393],E385],E379],E376],E382]],Reach[Reach[E388,E396]]]]	0	99	95	sanitized
UnsanitizedSummary[Unsanitized[SensitiveOnPath[Complete[Source[N0],Sink[N99],Reach[Reach[Reach[Reach[Reach[Reach[Reach[E4,E393],E385],E379],E376],E382],E388],E396]],SensFromType[S31],Reach[Reach[E4,E393]],Reach[Reach[Reach[Reach[Reach[Reach[E385,E379],E376],E382],E388],E396]]]]]	0	99	-	unsanitized
UnsanitizedSummary[Unsanitized[SensitiveOnPath[Complete[Source[N0],Sink[N99],Reach[Reach[Reach[Reach[Reach[Reach[Reach[E4,E393],E385],E379],E376],E382],E388],E396]],SensFromType[S30],Reach[Reach[Reach[Reach[Reach[E4,E393],E385],E379],E376]],Reach[Reach[Reach[E382,E388],E396]]]]]	0	99	-	unsanitized
CompleteSummary[Complete[Source[N0],Sink[N99],Reach[Reach[Reach[Reach[Reach[Reach[E4,E393],E385],E381],E382],E388],E396]]]	0	99	-	complete
SanitizedSummary[Sanitized[Complete[Source[N0],Sink[N99],Reach[Reach[Reach[Reach[Reach[Reach[E4,E393],E385],E381],E382],E388],E396]],Sanitizer[N95],Reach[Reach[Reach[Reach[Reach[E4,E393],E385],E381],E382]],Reach[Reach[E388,E396]]]]	0	99	95	sanitized
UnsanitizedSummary[Unsanitized[SensitiveOnPath[Complete[Source[N0],Sink[N99],Reach[Reach[Reach[Reach[Reach[Reach[E4,E393],E385],E381],E382],E388],E396]],SensFromType[S31],Reach[Reach[E4,E393]],Reach[Reach[Reach[Reach[Reach[E385,E381],E382],E388],E396]]]]]	0	99	-	unsanitized
UnsanitizedSummary[Unsanitized[SensitiveOnPath[Complete[Source[N0],Sink[N99],Reach[Reach[Reach[Reach[Reach[Reach[E4,E393],E385],E381],E382],E388],E396]],SensFromType[S30],Reach[Reach[Reach[Reach[E4,E393],E385],E381]],Reach[Reach[Reach[E382,E388],E396]]]]]	0	99	-	unsanitized
CompleteSummary[Complete[Source[N0],Sink[N99],Reach[Reach[Reach[Reach[E4,E393],E387],E388],E396]]]	0	99	-	complete
SanitizedSummary[Sanitized[Complete[Source[N0],Sink[N99],Reach[Reach[Reach[Reach[E4,E393],E387],E388],E396]],Sanitizer[N95],Reach[Reach[Reach[E4,E393],E387]],Reach[Reach[E388,E396]]]]	0	99	95	sanitized
UnsanitizedSummary[Unsanitized[SensitiveOnPath[Complete[Source[N0],Sink[N99],Reach[Reach[Reach[Reach[E4,E393],E387],E388],E396]],SensFromType[S31],Reach[Reach[E4,E393]],Reach[Reach[Reach[E387,E388],E396]]]]]	0	99	-	unsanitized
CompleteSummary[Complete[Source[N0],Sink[N99],Reach[Reach[Reach[E4,E393],E390],E396]]]	0	99	-	complete
UnsanitizedSummary[Unsanitized[SensitiveOnPath[Complete[Source[N0],Sink[N99],Reach[Reach[Reach[E4,E393],E390],E396]],SensFromType[S31],Reach[Reach[E4,E393]],Reach[Reach[E390,E396]]]]]	0	99	-	unsanitized
CompleteSummary[Complete[Source[N0],Sink[N99],Reach[Reach[E4,E395],E396]]]	0	99	-	complete
CompleteSummary[Complete[Source[N0],Sink[N99],Reach[E4,E398]]]	0	99	-	complete
CompleteSummary[Complete[Source[N0],Sink[N99],E6]]	0	99	-	complete